[{"model": "admin.logentry", "pk": 1, "fields": {"action_time": "2025-10-09T08:08:01.804Z", "user": 1, "content_type": 8, "object_id": "1", "object_repr": "Dewan Pers", "action_flag": 1, "change_message": "[{\"added\": {}}]"}}, {"model": "admin.logentry", "pk": 2, "fields": {"action_time": "2025-10-09T08:08:18.752Z", "user": 1, "content_type": 8, "object_id": "2", "object_repr": "Komdigi", "action_flag": 1, "change_message": "[{\"added\": {}}]"}}, {"model": "admin.logentry", "pk": 3, "fields": {"action_time": "2025-10-09T08:08:28.165Z", "user": 1, "content_type": 8, "object_id": "3", "object_repr": "TNI AL", "action_flag": 1, "change_message": "[{\"added\": {}}]"}}, {"model": "admin.logentry", "pk": 4, "fields": {"action_time": "2025-10-09T08:09:43.361Z", "user": 1, "content_type": 7, "object_id": "1", "object_repr": "Ringkasan 1-7 Agustus 2025", "action_flag": 1, "change_message": "[{\"added\": {}}]"}}, {"model": "admin.logentry", "pk": 5, "fields": {"action_time": "2025-10-09T08:13:51.122Z", "user": 1, "content_type": 10, "object_id": "1", "object_repr": "ISU #5: Tantangan Kebebasan Pers", "action_flag": 1, "change_message": "[{\"added\": {}}, {\"added\": {\"name\": \"key point\", \"object\": \"Indeks Kemerdekaan Pers (IKP) terus menurun.\"}}, {\"added\": {\"name\": \"key point\", \"object\": \"Rencana Dewan Pers: cabut verifikasi untuk media yang gunakan nama mirip institusi negara.\"}}, {\"added\": {\"name\": \"key point\", \"object\": \"Dorongan penataan regulasi (termasuk evaluasi norma bermasalah).\"}}]"}}, {"model": "admin.logentry", "pk": 6, "fields": {"action_time": "2025-10-09T11:30:02.355Z", "user": 1, "content_type": 8, "object_id": "4", "object_repr": "Mendikdasmen", "action_flag": 1, "change_message": "[{\"added\": {}}]"}}, {"model": "admin.logentry", "pk": 7, "fields": {"action_time": "2025-10-09T11:30:18.442Z", "user": 1, "content_type": 8, "object_id": "5", "object_repr": "Kemenhan", "action_flag": 1, "change_message": "[{\"added\": {}}]"}}, {"model": "admin.logentry", "pk": 8, "fields": {"action_time": "2025-10-09T11:30:42.104Z", "user": 1, "content_type": 8, "object_id": "6", "object_repr": "Presiden", "action_flag": 1, "change_message": "[{\"added\": {}}]"}}, {"model": "admin.logentry", "pk": 9, "fields": {"action_time": "2025-10-09T11:30:47.599Z", "user": 1, "content_type": 8, "object_id": "7", "object_repr": "TNI", "action_flag": 1, "change_message": "[{\"added\": {}}]"}}, {"model": "admin.logentry", "pk": 10, "fields": {"action_time": "2025-10-09T11:30:56.301Z", "user": 1, "content_type": 8, "object_id": "8", "object_repr": "Kejagung", "action_flag": 1, "change_message": "[{\"added\": {}}]"}}, {"model": "admin.logentry", "pk": 11, "fields": {"action_time": "2025-10-09T11:31:07.976Z", "user": 1, "content_type": 8, "object_id": "9", "object_repr": "Kemenlu", "action_flag": 1, "change_message": "[{\"added\": {}}]"}}, {"model": "admin.logentry", "pk": 12, "fields": {"action_time": "2025-10-09T11:31:12.755Z", "user": 1, "content_type": 8, "object_id": "10", "object_repr": "Bulog", "action_flag": 1, "change_message": "[{\"added\": {}}]"}}, {"model": "admin.logentry", "pk": 13, "fields": {"action_time": "2025-10-09T11:35:58.256Z", "user": 1, "content_type": 10, "object_id": "2", "object_repr": "ISU #1: Perlindungan Anak & Regulasi Platform Digital", "action_flag": 1, "change_message": "[{\"added\": {}}, {\"added\": {\"name\": \"key point\", \"object\": \"Pemerintah mengimplementasikan PP Tunas (PP No. 17/2025) untuk melindungi anak di ruang digital.\"}}, {\"added\": {\"name\": \"key point\", \"object\": \"Kementerian Komunikasi dan Digital (Komdigi) sedang mengklasifikasi platform digital berdasarkan risiko bagi anak dan mengingatkan mereka untuk memverifikasi usia pengguna serta menyediakan fitur kontrol orang tua\"}}, {\"added\": {\"name\": \"key point\", \"object\": \"Kekhawatiran muncul terkait gim seperti Roblox karena mengandung konten kekerasan, yang berujung pada pelarangan oleh Menteri Pendidikan Dasar dan Menengah.\"}}]"}}, {"model": "admin.logentry", "pk": 14, "fields": {"action_time": "2025-10-09T12:12:44.024Z", "user": 1, "content_type": 10, "object_id": "3", "object_repr": "ISU #2: Kerja Sama Pertahanan & Modernisasi Alutsista", "action_flag": 1, "change_message": "[{\"added\": {}}, {\"added\": {\"name\": \"key point\", \"object\": \"Indonesia dan Singapura sepakat untuk meningkatkan pelatihan dan latihan pertahanan bersama.\"}}, {\"added\": {\"name\": \"key point\", \"object\": \"Kementerian Pertahanan sedang menjajaki potensi kerja sama alutsista dengan Belarus.\"}}, {\"added\": {\"name\": \"key point\", \"object\": \"TNI AL mengadakan ASEAN Plus Cadet Sail 2025 bersama 21 negara mitra menggunakan KRI Bima Suci untuk meningkatkan diplomasi dan hubungan antarnegara.\"}}, {\"added\": {\"name\": \"key point\", \"object\": \"Kementerian Pertahanan menandatangani MoU untuk pembelian dua kapal fregat dari perusahaan Turki.\"}}]"}}, {"model": "admin.logentry", "pk": 15, "fields": {"action_time": "2025-10-09T12:15:31.682Z", "user": 1, "content_type": 10, "object_id": "4", "object_repr": "ISU #3: Penataan Internal & Operasi Militer TNI", "action_flag": 1, "change_message": "[{\"added\": {}}, {\"added\": {\"name\": \"key point\", \"object\": \"Jabatan tinggi di TNI sedang direstrukturisasi, termasuk pengangkatan Wakil Panglima TNI dan promosi pimpinan Kopassus, Korps Marinir, dan Kopasgat menjadi jenderal bintang tiga.\"}}, {\"added\": {\"name\": \"key point\", \"object\": \"TNI berhasil melumpuhkan Wakil Panglima OPM di Lanny Jaya, Papua Pegunungan.\"}}, {\"added\": {\"name\": \"key point\", \"object\": \"TNI mengklarifikasi bahwa kehadiran kendaraan taktis dan personel di Kejaksaan Agung adalah langkah pengamanan rutin berdasarkan Peraturan Presiden dan MoU yang sudah ada.\"}}]"}}, {"model": "admin.logentry", "pk": 16, "fields": {"action_time": "2025-10-09T12:19:38.940Z", "user": 1, "content_type": 10, "object_id": "5", "object_repr": "ISU #4: Diplomasi & Hubungan Luar Negeri", "action_flag": 1, "change_message": "[{\"added\": {}}, {\"added\": {\"name\": \"key point\", \"object\": \"Kementerian Luar Negeri mendorong agar bantuan kemanusiaan untuk Gaza dikirim melalui jalur darat, bukan lewat udara, karena masalah keamanan.\"}}, {\"added\": {\"name\": \"key point\", \"object\": \"Indonesia optimis Perjanjian Perdagangan Bebas Indonesia-Uni Ekonomi Eurasia (I-EAEU FTA) dapat diselesaikan pada akhir 2025.\"}}, {\"added\": {\"name\": \"key point\", \"object\": \"Kementerian Luar Negeri membentuk Direktorat Urusan Diaspora untuk memperkuat peran WNI di luar negeri dalam pembangunan nasional.\"}}]"}}, {"model": "admin.logentry", "pk": 17, "fields": {"action_time": "2025-10-09T12:21:42.734Z", "user": 1, "content_type": 10, "object_id": "1", "object_repr": "ISU #5: Kebebasan & Regulasi Media", "action_flag": 2, "change_message": "[{\"changed\": {\"fields\": [\"Title\", \"Stakeholders\"]}}, {\"changed\": {\"name\": \"key point\", \"object\": \"Indeks Kemerdekaan Pers (IKP) Indonesia terus menurun, dengan kekerasan terhadap jurnalis menjadi tantangan utama.\", \"fields\": [\"Text\"]}}, {\"changed\": {\"name\": \"key point\", \"object\": \"Dewan Pers akan mencabut verifikasi media yang menggunakan nama mirip lembaga negara (seperti KPK atau Polri) untuk menghindari kebingungan publik.\", \"fields\": [\"Text\"]}}, {\"changed\": {\"name\": \"key point\", \"object\": \"Disiplin dalam verifikasi ditekankan sebagai fondasi jurnalisme profesional di era digital untuk melawan disinformasi.\", \"fields\": [\"Text\"]}}]"}}, {"model": "admin.logentry", "pk": 18, "fields": {"action_time": "2025-10-09T13:38:32.851Z", "user": 1, "content_type": 7, "object_id": "1", "object_repr": "Ringkasan 1-7 Agustus 2025", "action_flag": 2, "change_message": "[{\"changed\": {\"fields\": [\"End date\"]}}]"}}, {"model": "admin.logentry", "pk": 19, "fields": {"action_time": "2025-10-09T14:04:05.175Z", "user": 1, "content_type": 11, "object_id": "1", "object_repr": "Geopolitik", "action_flag": 1, "change_message": "[{\"added\": {}}]"}}, {"model": "admin.logentry", "pk": 20, "fields": {"action_time": "2025-10-09T14:04:14.050Z", "user": 1, "content_type": 11, "object_id": "2", "object_repr": "Ekonomi Digital", "action_flag": 1, "change_message": "[{\"added\": {}}]"}}, {"model": "admin.logentry", "pk": 21, "fields": {"action_time": "2025-10-09T14:04:26.426Z", "user": 1, "content_type": 11, "object_id": "3", "object_repr": "Hukum & HAM", "action_flag": 1, "change_message": "[{\"added\": {}}]"}}, {"model": "admin.logentry", "pk": 22, "fields": {"action_time": "2025-10-09T14:05:32.775Z", "user": 1, "content_type": 10, "object_id": "5", "object_repr": "ISU #4: Diplomasi & Hubungan Luar Negeri", "action_flag": 2, "change_message": "[{\"changed\": {\"fields\": [\"Tags\"]}}]"}}, {"model": "admin.logentry", "pk": 23, "fields": {"action_time": "2025-10-09T16:49:22.919Z", "user": 1, "content_type": 11, "object_id": "4", "object_repr": "Perlindungan Anak", "action_flag": 1, "change_message": "[{\"added\": {}}]"}}, {"model": "admin.logentry", "pk": 24, "fields": {"action_time": "2025-10-09T16:49:38.038Z", "user": 1, "content_type": 11, "object_id": "5", "object_repr": "Keamanan Siber", "action_flag": 1, "change_message": "[{\"added\": {}}]"}}, {"model": "admin.logentry", "pk": 25, "fields": {"action_time": "2025-10-09T16:49:48.509Z", "user": 1, "content_type": 11, "object_id": "6", "object_repr": "Regulasi Digital", "action_flag": 1, "change_message": "[{\"added\": {}}]"}}, {"model": "admin.logentry", "pk": 26, "fields": {"action_time": "2025-10-09T16:50:12.227Z", "user": 1, "content_type": 11, "object_id": "7", "object_repr": "Diplomasi Militer", "action_flag": 1, "change_message": "[{\"added\": {}}]"}}, {"model": "admin.logentry", "pk": 27, "fields": {"action_time": "2025-10-09T16:50:25.754Z", "user": 1, "content_type": 11, "object_id": "8", "object_repr": "Kerja Sama Pertahanan", "action_flag": 1, "change_message": "[{\"added\": {}}]"}}, {"model": "admin.logentry", "pk": 28, "fields": {"action_time": "2025-10-09T16:50:50.881Z", "user": 1, "content_type": 11, "object_id": "9", "object_repr": "Keamanan Dalam Negeri", "action_flag": 1, "change_message": "[{\"added\": {}}]"}}, {"model": "admin.logentry", "pk": 29, "fields": {"action_time": "2025-10-09T16:51:40.314Z", "user": 1, "content_type": 11, "object_id": "10", "object_repr": "Ekonomi Internasional", "action_flag": 1, "change_message": "[{\"added\": {}}]"}}, {"model": "admin.logentry", "pk": 30, "fields": {"action_time": "2025-10-09T16:52:25.275Z", "user": 1, "content_type": 11, "object_id": "11", "object_repr": "Regulasi Media", "action_flag": 1, "change_message": "[{\"added\": {}}]"}}, {"model": "admin.logentry", "pk": 31, "fields": {"action_time": "2025-10-09T16:53:11.198Z", "user": 1, "content_type": 11, "object_id": "12", "object_repr": "TNI", "action_flag": 1, "change_message": "[{\"added\": {}}]"}}, {"model": "admin.logentry", "pk": 32, "fields": {"action_time": "2025-10-09T16:53:32.091Z", "user": 1, "content_type": 10, "object_id": "4", "object_repr": "ISU #3: Penataan Internal & Operasi Militer TNI", "action_flag": 2, "change_message": "[{\"changed\": {\"fields\": [\"Tags\"]}}]"}}, {"model": "admin.logentry", "pk": 33, "fields": {"action_time": "2025-10-09T16:53:47.463Z", "user": 1, "content_type": 10, "object_id": "5", "object_repr": "ISU #4: Diplomasi & Hubungan Luar Negeri", "action_flag": 2, "change_message": "[{\"changed\": {\"fields\": [\"Tags\"]}}]"}}, {"model": "admin.logentry", "pk": 34, "fields": {"action_time": "2025-10-09T16:54:14.621Z", "user": 1, "content_type": 10, "object_id": "3", "object_repr": "ISU #2: Kerja Sama Pertahanan & Modernisasi Alutsista", "action_flag": 2, "change_message": "[{\"changed\": {\"fields\": [\"Tags\"]}}]"}}, {"model": "admin.logentry", "pk": 35, "fields": {"action_time": "2025-10-09T16:54:47.656Z", "user": 1, "content_type": 10, "object_id": "2", "object_repr": "ISU #1: Perlindungan Anak & Regulasi Platform Digital", "action_flag": 2, "change_message": "[{\"changed\": {\"fields\": [\"Tags\"]}}]"}}, {"model": "admin.logentry", "pk": 36, "fields": {"action_time": "2025-10-09T16:55:13.893Z", "user": 1, "content_type": 10, "object_id": "1", "object_repr": "ISU #5: Kebebasan & Regulasi Media", "action_flag": 2, "change_message": "[{\"changed\": {\"fields\": [\"Tags\"]}}]"}}, {"model": "admin.logentry", "pk": 37, "fields": {"action_time": "2025-10-09T17:03:00.352Z", "user": 1, "content_type": 11, "object_id": "13", "object_repr": "Kemenhan", "action_flag": 1, "change_message": "[{\"added\": {}}]"}}, {"model": "admin.logentry", "pk": 38, "fields": {"action_time": "2025-10-09T17:03:12.118Z", "user": 1, "content_type": 11, "object_id": "14", "object_repr": "AI", "action_flag": 1, "change_message": "[{\"added\": {}}]"}}, {"model": "admin.logentry", "pk": 39, "fields": {"action_time": "2025-10-09T17:03:41.893Z", "user": 1, "content_type": 11, "object_id": "15", "object_repr": "Keamanan Maritim", "action_flag": 1, "change_message": "[{\"added\": {}}]"}}, {"model": "admin.logentry", "pk": 40, "fields": {"action_time": "2025-10-09T17:04:35.761Z", "user": 1, "content_type": 7, "object_id": "2", "object_repr": "Ringkasan 8-14 Agustus 2025", "action_flag": 1, "change_message": "[{\"added\": {}}]"}}, {"model": "admin.logentry", "pk": 41, "fields": {"action_time": "2025-10-09T17:06:36.847Z", "user": 1, "content_type": 10, "object_id": "6", "object_repr": "ISU #1: Bantuan Kemanusiaan untuk Palestina", "action_flag": 1, "change_message": "[{\"added\": {}}, {\"added\": {\"name\": \"key point\", \"object\": \"Pemerintah menyiapkan Pulau Galang sebagai lokasi perawatan sementara untuk 1.000 warga Palestina yang terluka.\"}}, {\"added\": {\"name\": \"key point\", \"object\": \"Kementerian Pertahanan mengirimkan 800 ton bantuan logistik (makanan, obat-obatan) ke Gaza melalui metode air drop menggunakan pesawat Hercules TNI AU.\"}}, {\"added\": {\"name\": \"key point\", \"object\": \"Panglima TNI secara resmi melepas Satgas Garuda Merah Putih II untuk menjalankan misi kemanusiaan ke Gaza.\"}}]"}}, {"model": "admin.logentry", "pk": 42, "fields": {"action_time": "2025-10-09T17:08:33.943Z", "user": 1, "content_type": 10, "object_id": "7", "object_repr": "ISU #2: Restrukturisasi & Modernisasi Pertahanan", "action_flag": 1, "change_message": "[{\"added\": {}}, {\"added\": {\"name\": \"key point\", \"object\": \"Presiden Prabowo Subianto menambahkan enam badan baru di lingkungan Kementerian Pertahanan melalui Perpres Nomor 85 Tahun 2025.\"}}, {\"added\": {\"name\": \"key point\", \"object\": \"Jabatan Wakil Panglima TNI diaktifkan kembali setelah 25 tahun kosong untuk memperkuat koordinasi antarmatra.\"}}, {\"added\": {\"name\": \"key point\", \"object\": \"TNI AU mengirimkan 16 personel ke Prancis untuk mengikuti pelatihan teknologi pesawat tempur Rafale.\"}}]"}}, {"model": "admin.logentry", "pk": 43, "fields": {"action_time": "2025-10-09T17:10:22.863Z", "user": 1, "content_type": 10, "object_id": "8", "object_repr": "ISU #3: Regulasi Ruang Digital (AI, Pinjol, Game)", "action_flag": 1, "change_message": "[{\"added\": {}}, {\"added\": {\"name\": \"key point\", \"object\": \"Kementerian Kominfo telah menyelesaikan draf Peta Jalan AI Indonesia dan Perpres terkait keamanan AI yang akan segera dibuka untuk konsultasi publik.\"}}, {\"added\": {\"name\": \"key point\", \"object\": \"Kementerian Komdigi sedang menyusun RPP baru untuk memberantas pinjaman online (pinjol) ilegal dengan memberikan kewenangan pemblokiran langsung.\"}}, {\"added\": {\"name\": \"key point\", \"object\": \"Kementerian Komdigi membuka kemungkinan untuk memblokir game Roblox jika ada rekomendasi dari KPAI terkait isu grooming dan konten negatif.\"}}]"}}, {"model": "admin.logentry", "pk": 44, "fields": {"action_time": "2025-10-09T17:12:00.612Z", "user": 1, "content_type": 10, "object_id": "9", "object_repr": "ISU #4: Penegakan Hukum & Isu Internal TNI", "action_flag": 1, "change_message": "[{\"added\": {}}, {\"added\": {\"name\": \"key point\", \"object\": \"Sebanyak 20 anggota TNI ditetapkan sebagai tersangka atas kasus pengeroyokan yang menewaskan Prada Lucky Chepril Saputra di NTT.\"}}, {\"added\": {\"name\": \"key point\", \"object\": \"Seorang calon siswa Bintara TNI AD meninggal dunia saat menjalani pendidikan di Bandung, dan tim investigasi telah dibentuk.\"}}, {\"added\": {\"name\": \"key point\", \"object\": \"KSAD Jenderal Maruli Simanjuntak berkomitmen untuk menyelesaikan 4.000 kasus terkait Tabungan Wajib Prajurit (TWP) dan perumahan prajurit.\"}}]"}}, {"model": "admin.logentry", "pk": 45, "fields": {"action_time": "2025-10-09T17:13:40.315Z", "user": 1, "content_type": 10, "object_id": "10", "object_repr": "ISU #5: Keamanan & Kedaulatan Maritim", "action_flag": 1, "change_message": "[{\"added\": {}}, {\"added\": {\"name\": \"key point\", \"object\": \"Komisi I DPR mendorong TNI AL untuk meningkatkan patroli di Laut Ambalat sebagai respons atas klaim Malaysia.\"}}, {\"added\": {\"name\": \"key point\", \"object\": \"Bakamla RI dan Korea Coast Guard berhasil menyelamatkan delapan ABK WNI dari dugaan tindak pidana perdagangan orang (TPPO) di perairan Korea Selatan.\"}}, {\"added\": {\"name\": \"key point\", \"object\": \"TNI AL berhasil menyita 80 karung pasir timah ilegal yang ditimbun di bibir pantai Bangka Belitung.\"}}]"}}, {"model": "admin.logentry", "pk": 46, "fields": {"action_time": "2025-10-10T11:35:50.776Z", "user": 1, "content_type": 11, "object_id": "16", "object_repr": "Modernisasi Alutsista", "action_flag": 1, "change_message": "[{\"added\": {}}]"}}, {"model": "admin.logentry", "pk": 47, "fields": {"action_time": "2025-10-10T11:36:03.290Z", "user": 1, "content_type": 11, "object_id": "17", "object_repr": "Struktur TNI", "action_flag": 1, "change_message": "[{\"added\": {}}]"}}, {"model": "admin.logentry", "pk": 48, "fields": {"action_time": "2025-10-10T11:36:20.254Z", "user": 1, "content_type": 11, "object_id": "18", "object_repr": "Operasi Militer", "action_flag": 1, "change_message": "[{\"added\": {}}]"}}, {"model": "admin.logentry", "pk": 49, "fields": {"action_time": "2025-10-10T11:36:47.528Z", "user": 1, "content_type": 11, "object_id": "19", "object_repr": "Diplomasi Kemanusiaan", "action_flag": 1, "change_message": "[{\"added\": {}}]"}}, {"model": "admin.logentry", "pk": 50, "fields": {"action_time": "2025-10-10T11:37:02.898Z", "user": 1, "content_type": 11, "object_id": "20", "object_repr": "Kebebasan Pers", "action_flag": 1, "change_message": "[{\"added\": {}}]"}}, {"model": "admin.logentry", "pk": 51, "fields": {"action_time": "2025-10-10T11:37:10.650Z", "user": 1, "content_type": 11, "object_id": "21", "object_repr": "Disinformasi", "action_flag": 1, "change_message": "[{\"added\": {}}]"}}, {"model": "admin.logentry", "pk": 52, "fields": {"action_time": "2025-10-10T11:38:58.115Z", "user": 1, "content_type": 11, "object_id": "22", "object_repr": "Aksi TNI", "action_flag": 1, "change_message": "[{\"added\": {}}]"}}, {"model": "admin.logentry", "pk": 53, "fields": {"action_time": "2025-10-10T11:39:58.648Z", "user": 1, "content_type": 11, "object_id": "23", "object_repr": "Kementerian Pertahanan", "action_flag": 1, "change_message": "[{\"added\": {}}]"}}, {"model": "admin.logentry", "pk": 54, "fields": {"action_time": "2025-10-10T11:40:47.568Z", "user": 1, "content_type": 11, "object_id": "24", "object_repr": "Disiplin Militer", "action_flag": 1, "change_message": "[{\"added\": {}}]"}}, {"model": "admin.logentry", "pk": 55, "fields": {"action_time": "2025-10-10T11:41:08.082Z", "user": 1, "content_type": 11, "object_id": "25", "object_repr": "Bakamla", "action_flag": 1, "change_message": "[{\"added\": {}}]"}}, {"model": "admin.logentry", "pk": 56, "fields": {"action_time": "2025-10-10T11:41:51.690Z", "user": 1, "content_type": 10, "object_id": "10", "object_repr": "ISU #5: Keamanan & Kedaulatan Maritim", "action_flag": 2, "change_message": "[{\"changed\": {\"fields\": [\"Tags\"]}}]"}}, {"model": "admin.logentry", "pk": 57, "fields": {"action_time": "2025-10-10T11:42:31.290Z", "user": 1, "content_type": 10, "object_id": "9", "object_repr": "ISU #4: Penegakan Hukum & Isu Internal TNI", "action_flag": 2, "change_message": "[{\"changed\": {\"fields\": [\"Tags\"]}}]"}}, {"model": "admin.logentry", "pk": 58, "fields": {"action_time": "2025-10-10T11:42:46.090Z", "user": 1, "content_type": 10, "object_id": "8", "object_repr": "ISU #3: Regulasi Ruang Digital (AI, Pinjol, Game)", "action_flag": 2, "change_message": "[]"}}, {"model": "admin.logentry", "pk": 59, "fields": {"action_time": "2025-10-10T11:43:16.510Z", "user": 1, "content_type": 10, "object_id": "7", "object_repr": "ISU #2: Restrukturisasi & Modernisasi Pertahanan", "action_flag": 2, "change_message": "[{\"changed\": {\"fields\": [\"Tags\"]}}]"}}, {"model": "admin.logentry", "pk": 60, "fields": {"action_time": "2025-10-10T11:44:27.805Z", "user": 1, "content_type": 10, "object_id": "6", "object_repr": "ISU #1: Bantuan Kemanusiaan untuk Palestina", "action_flag": 2, "change_message": "[{\"changed\": {\"fields\": [\"Tags\"]}}]"}}, {"model": "admin.logentry", "pk": 61, "fields": {"action_time": "2025-10-10T11:44:54.977Z", "user": 1, "content_type": 10, "object_id": "5", "object_repr": "ISU #4: Diplomasi & Hubungan Luar Negeri", "action_flag": 2, "change_message": "[{\"changed\": {\"fields\": [\"Tags\"]}}]"}}, {"model": "admin.logentry", "pk": 62, "fields": {"action_time": "2025-10-10T11:47:15.576Z", "user": 1, "content_type": 10, "object_id": "4", "object_repr": "ISU #3: Penataan Internal & Operasi Militer TNI", "action_flag": 2, "change_message": "[{\"changed\": {\"fields\": [\"Tags\"]}}]"}}, {"model": "admin.logentry", "pk": 63, "fields": {"action_time": "2025-10-10T11:48:42.369Z", "user": 1, "content_type": 10, "object_id": "5", "object_repr": "ISU #4: Diplomasi & Hubungan Luar Negeri", "action_flag": 2, "change_message": "[]"}}, {"model": "admin.logentry", "pk": 64, "fields": {"action_time": "2025-10-10T11:49:09.667Z", "user": 1, "content_type": 10, "object_id": "1", "object_repr": "ISU #5: Kebebasan & Regulasi Media", "action_flag": 2, "change_message": "[{\"changed\": {\"fields\": [\"Tags\"]}}]"}}, {"model": "admin.logentry", "pk": 65, "fields": {"action_time": "2025-10-10T11:49:40.284Z", "user": 1, "content_type": 10, "object_id": "3", "object_repr": "ISU #2: Kerja Sama Pertahanan & Modernisasi Alutsista", "action_flag": 2, "change_message": "[{\"changed\": {\"fields\": [\"Tags\"]}}]"}}, {"model": "admin.logentry", "pk": 66, "fields": {"action_time": "2025-10-10T12:08:00.768Z", "user": 1, "content_type": 8, "object_id": "11", "object_repr": "Bakamla", "action_flag": 1, "change_message": "[{\"added\": {}}]"}}, {"model": "admin.logentry", "pk": 67, "fields": {"action_time": "2025-10-10T12:08:29.118Z", "user": 1, "content_type": 10, "object_id": "10", "object_repr": "ISU #5: Keamanan & Kedaulatan Maritim", "action_flag": 2, "change_message": "[{\"changed\": {\"fields\": [\"Stakeholders\"]}}]"}}, {"model": "admin.logentry", "pk": 68, "fields": {"action_time": "2025-10-10T12:09:19.908Z", "user": 1, "content_type": 8, "object_id": "12", "object_repr": "DPR", "action_flag": 1, "change_message": "[{\"added\": {}}]"}}, {"model": "admin.logentry", "pk": 69, "fields": {"action_time": "2025-10-10T12:09:36.778Z", "user": 1, "content_type": 10, "object_id": "10", "object_repr": "ISU #5: Keamanan & Kedaulatan Maritim", "action_flag": 2, "change_message": "[{\"changed\": {\"fields\": [\"Stakeholders\"]}}]"}}, {"model": "admin.logentry", "pk": 70, "fields": {"action_time": "2025-10-11T05:13:43.473Z", "user": 1, "content_type": 11, "object_id": "26", "object_repr": "Perlindungan WNI", "action_flag": 1, "change_message": "[{\"added\": {}}]"}}, {"model": "admin.logentry", "pk": 71, "fields": {"action_time": "2025-10-11T05:14:15.544Z", "user": 1, "content_type": 11, "object_id": "27", "object_repr": "Diplomasi", "action_flag": 1, "change_message": "[{\"added\": {}}]"}}, {"model": "admin.logentry", "pk": 72, "fields": {"action_time": "2025-10-11T05:14:25.799Z", "user": 1, "content_type": 11, "object_id": "28", "object_repr": "Hukum Internasional", "action_flag": 1, "change_message": "[{\"added\": {}}]"}}, {"model": "admin.logentry", "pk": 73, "fields": {"action_time": "2025-10-11T05:15:52.248Z", "user": 1, "content_type": 8, "object_id": "13", "object_repr": "Kemlu", "action_flag": 1, "change_message": "[{\"added\": {}}]"}}, {"model": "admin.logentry", "pk": 74, "fields": {"action_time": "2025-10-11T05:16:37.785Z", "user": 1, "content_type": 8, "object_id": "14", "object_repr": "BSSN", "action_flag": 1, "change_message": "[{\"added\": {}}]"}}, {"model": "admin.logentry", "pk": 75, "fields": {"action_time": "2025-10-11T05:18:07.035Z", "user": 1, "content_type": 7, "object_id": "3", "object_repr": "Ringkasan 15-21 Agustus 2025", "action_flag": 1, "change_message": "[{\"added\": {}}]"}}, {"model": "admin.logentry", "pk": 76, "fields": {"action_time": "2025-10-11T05:20:12.438Z", "user": 1, "content_type": 10, "object_id": "11", "object_repr": "ISU #1: Perlindungan WNI di Luar Negeri", "action_flag": 1, "change_message": "[{\"added\": {}}, {\"added\": {\"name\": \"key point\", \"object\": \"Kementerian Luar Negeri (Kemlu) menangani kasus sembilan ABK WNI yang terdampar selama 10 bulan di Mozambik dan gajinya belum dibayar.\"}}, {\"added\": {\"name\": \"key point\", \"object\": \"Seorang WNI dilaporkan meninggal dunia akibat luka tembak di Timor Leste setelah memasuki hutan secara ilegal untuk berburu.\"}}, {\"added\": {\"name\": \"key point\", \"object\": \"Kemlu mengklarifikasi bahwa WNI yang meninggal di Kamboja bukan korban TPPO, melainkan karena overdosis obat akibat masalah keluarga.\"}}]"}}, {"model": "admin.logentry", "pk": 77, "fields": {"action_time": "2025-10-11T05:21:51.491Z", "user": 1, "content_type": 10, "object_id": "12", "object_repr": "ISU #2: Bantuan Kemanusiaan dan Sikap terhadap Palestina", "action_flag": 1, "change_message": "[{\"added\": {}}, {\"added\": {\"name\": \"key point\", \"object\": \"Satgas TNI Garuda Merah Putih-II berhasil mengirimkan total 28,1 ton bantuan kemanusiaan ke Gaza melalui operasi airdrop bertepatan dengan HUT ke-80 RI.\"}}, {\"added\": {\"name\": \"key point\", \"object\": \"Kemlu secara resmi mengecam keras pernyataan PM Israel yang berencana menguasai seluruh wilayah Gaza, menganggapnya pelanggaran hukum internasional.\"}}, {\"added\": {\"name\": \"key point\", \"object\": \"Menlu Sugiono membantah laporan media yang menyebut Indonesia melakukan negosiasi dengan Israel terkait rencana evakuasi warga Gaza ke Pulau Galang.\"}}]"}}, {"model": "admin.logentry", "pk": 78, "fields": {"action_time": "2025-10-11T05:22:13.938Z", "user": 1, "content_type": 10, "object_id": "11", "object_repr": "ISU #1: Perlindungan WNI di Luar Negeri", "action_flag": 2, "change_message": "[{\"changed\": {\"fields\": [\"Tags\"]}}]"}}, {"model": "admin.logentry", "pk": 79, "fields": {"action_time": "2025-10-11T05:24:27.926Z", "user": 1, "content_type": 10, "object_id": "13", "object_repr": "ISU #3: Keamanan Siber dan Regulasi Platform Digital", "action_flag": 1, "change_message": "[{\"added\": {}}, {\"added\": {\"name\": \"key point\", \"object\": \"Indonesia Anti-Scam Centre (IASC) melaporkan telah menerima 225.000 laporan, memblokir 71.000 rekening, dan menyelamatkan dana publik sebesar Rp349,3 miliar.\"}}, {\"added\": {\"name\": \"key point\", \"object\": \"Kementerian Komunikasi dan Digital (Komdigi) memberikan peringatan kepada Roblox untuk mematuhi regulasi perlindungan anak di Indonesia, termasuk menyaring konten dan memperjelas fitur kontrol orang tua.\"}}, {\"added\": {\"name\": \"key point\", \"object\": \"Komisi I DPR mengusulkan pembentukan Cyber Command TNI untuk memperkuat pertahanan di sektor siber.\"}}, {\"added\": {\"name\": \"key point\", \"object\": \"Badan Siber dan Sandi Negara (BSSN) menandatangani MoU dengan UGM untuk memperkuat Strategi Keamanan Siber Nasional.\"}}]"}}, {"model": "admin.logentry", "pk": 80, "fields": {"action_time": "2025-10-11T05:26:26.981Z", "user": 1, "content_type": 10, "object_id": "14", "object_repr": "ISU #4: Penataan Internal dan Regenerasi Pimpinan TNI", "action_flag": 1, "change_message": "[{\"added\": {}}, {\"added\": {\"name\": \"key point\", \"object\": \"Panglima TNI Jenderal Agus Subiyanto melakukan mutasi besar terhadap 414 perwira tinggi TNI dari tiga matra sebagai bagian dari regenerasi kepemimpinan.\"}}, {\"added\": {\"name\": \"key point\", \"object\": \"Kementerian Pertahanan menggarap proyek Batalyon Teritorial Pembangunan (BTP) yang akan dilengkapi dengan kompi kesehatan untuk menghadapi ancaman non-militer seperti wabah.\"}}, {\"added\": {\"name\": \"key point\", \"object\": \"Analisis dari Kajian Politik Nasional (KPN) mengidentifikasi empat kandidat kuat untuk menggantikan KSAL Laksamana Muhammad Ali.\"}}]"}}, {"model": "admin.logentry", "pk": 81, "fields": {"action_time": "2025-10-11T05:27:42.427Z", "user": 1, "content_type": 10, "object_id": "15", "object_repr": "ISU #5: Kekerasan terhadap Jurnalis dan Kebebasan Pers", "action_flag": 1, "change_message": "[{\"added\": {}}, {\"added\": {\"name\": \"key point\", \"object\": \"Dewan Pers menyatakan keprihatinan dan mengecam keras kekerasan yang menimpa jurnalis iNews Media Grup (IMG) di Grobogan, Jawa Tengah.\"}}, {\"added\": {\"name\": \"key point\", \"object\": \"Dewan Pers menegaskan bahwa sengketa jurnalistik harus diselesaikan melalui hak jawab atau jalur hukum pers, bukan dengan tindakan main hakim sendiri.\"}}]"}}, {"model": "admin.logentry", "pk": 82, "fields": {"action_time": "2025-10-11T05:34:34.843Z", "user": 1, "content_type": 11, "object_id": "29", "object_repr": "Polri", "action_flag": 1, "change_message": "[{\"added\": {}}]"}}, {"model": "admin.logentry", "pk": 83, "fields": {"action_time": "2025-10-11T05:35:08.709Z", "user": 1, "content_type": 11, "object_id": "30", "object_repr": "Kedaulatan", "action_flag": 1, "change_message": "[{\"added\": {}}]"}}, {"model": "admin.logentry", "pk": 84, "fields": {"action_time": "2025-10-11T05:35:46.559Z", "user": 1, "content_type": 7, "object_id": "4", "object_repr": "Ringkasan 22-31 Agustus 2025", "action_flag": 1, "change_message": "[{\"added\": {}}]"}}, {"model": "admin.logentry", "pk": 85, "fields": {"action_time": "2025-10-11T05:36:24.220Z", "user": 1, "content_type": 8, "object_id": "15", "object_repr": "Koopsudnas", "action_flag": 1, "change_message": "[{\"added\": {}}]"}}, {"model": "admin.logentry", "pk": 86, "fields": {"action_time": "2025-10-11T05:36:59.285Z", "user": 1, "content_type": 8, "object_id": "16", "object_repr": "Komnas HAM", "action_flag": 1, "change_message": "[{\"added\": {}}]"}}, {"model": "admin.logentry", "pk": 87, "fields": {"action_time": "2025-10-11T05:38:40.272Z", "user": 1, "content_type": 8, "object_id": "17", "object_repr": "Kepolisian Negara RI", "action_flag": 1, "change_message": "[{\"added\": {}}]"}}, {"model": "admin.logentry", "pk": 88, "fields": {"action_time": "2025-10-11T05:40:42.820Z", "user": 1, "content_type": 10, "object_id": "16", "object_repr": "ISU #1: Unjuk Rasa & Kekerasan Aparat", "action_flag": 1, "change_message": "[{\"added\": {}}, {\"added\": {\"name\": \"key point\", \"object\": \"Aksi demonstrasi di depan Gedung DPR pada 25 Agustus berujung ricuh, aparat menembakkan gas air mata untuk membubarkan massa.\"}}, {\"added\": {\"name\": \"key point\", \"object\": \"Seorang pengemudi ojek online (ojol) tewas setelah terlindas kendaraan taktis (rantis) Brimob saat pembubaran massa.\"}}, {\"added\": {\"name\": \"key point\", \"object\": \"Kapolri Jenderal Listyo Sigit Prabowo meminta maaf kepada keluarga korban, dan Divisi Propam Polri telah mengamankan tujuh anggota Brimob untuk diperiksa.\"}}, {\"added\": {\"name\": \"key point\", \"object\": \"Komnas HAM menurunkan tim untuk mengusut peristiwa kekerasan tersebut yang dinilai berpotensi kuat melanggar HAM.\"}}]"}}, {"model": "admin.logentry", "pk": 89, "fields": {"action_time": "2025-10-11T05:43:45.543Z", "user": 1, "content_type": 10, "object_id": "17", "object_repr": "ISU #2: Kerja Sama & Latihan Militer Internasional", "action_flag": 1, "change_message": "[{\"added\": {}}, {\"added\": {\"name\": \"key point\", \"object\": \"Menteri Luar Negeri dan Menteri Pertahanan menghadiri pertemuan \\\"2+2\\\" dengan Australia di Canberra untuk memperkuat kemitraan strategis di bidang pertahanan dan maritim.\"}}, {\"added\": {\"name\": \"key point\", \"object\": \"Latihan Gabungan Bersama (Latgabma) Super Garuda Shield 2025 resmi dibuka, melibatkan 6.501 prajurit dari 13 negara, dengan Indonesia sebagai tuan rumah.\"}}, {\"added\": {\"name\": \"key point\", \"object\": \"TNI AL mengerahkan KRI Raden Eddy Martadinata-331 untuk Latihan Bersama (Latma) Sea Garuda dengan Angkatan Laut Thailand di Teluk Thailand.\"}}, {\"added\": {\"name\": \"key point\", \"object\": \"Panglima TNI mengadakan pertemuan bilateral dengan pimpinan militer AS, Australia, dan Thailand di sela-sela forum Chiefs of Defence (CHODs) 2025.\"}}]"}}, {"model": "admin.logentry", "pk": 90, "fields": {"action_time": "2025-10-11T05:45:49.753Z", "user": 1, "content_type": 10, "object_id": "18", "object_repr": "ISU #3: Keamanan Siber dan Regulasi Digital", "action_flag": 1, "change_message": "[{\"added\": {}}, {\"added\": {\"name\": \"key point\", \"object\": \"Badan Siber dan Sandi Negara (BSSN) menargetkan Rancangan Undang-Undang tentang Keamanan dan Ketahanan Siber (RUU KKS) selesai tahun ini untuk mendukung visi Astacita Presiden.\"}}, {\"added\": {\"name\": \"key point\", \"object\": \"Tren serangan siber di Indonesia masih didominasi oleh phishing, yang diperparah oleh teknologi AI yang membuat berita palsu sulit dibedakan.\"}}, {\"added\": {\"name\": \"key point\", \"object\": \"Kementerian Komunikasi dan Digital (Komdigi) akan memanggil perwakilan TikTok dan Meta terkait peredaran konten provokatif saat demonstrasi di DPR.\"}}]"}}, {"model": "admin.logentry", "pk": 91, "fields": {"action_time": "2025-10-11T05:48:01.777Z", "user": 1, "content_type": 10, "object_id": "19", "object_repr": "ISU #4: Penegakan Hukum & Isu Internal Aparat", "action_flag": 1, "change_message": "[{\"added\": {}}, {\"added\": {\"name\": \"key point\", \"object\": \"Seorang oknum anggota TNI AL diduga terlibat dalam insiden yang menewaskan seorang warga di Pekanbaru dan saat ini sedang dalam penyelidikan Denpom Lanal Dumai.\"}}, {\"added\": {\"name\": \"key point\", \"object\": \"Kuasa hukum empat tersangka kasus pembunuhan kepala cabang bank meminta perlindungan kepada Panglima TNI dan Kapolri karena kasus tersebut diduga melibatkan oknum aparat.\"}}, {\"added\": {\"name\": \"key point\", \"object\": \"Sebanyak 19 prajurit Komando Operasi Udara Nasional (Koopsudnas) dijatuhi hukuman disiplin karena terlibat judi online.\"}}]"}}, {"model": "admin.logentry", "pk": 92, "fields": {"action_time": "2025-10-11T05:50:07.616Z", "user": 1, "content_type": 10, "object_id": "20", "object_repr": "ISU #5: Kedaulatan & Keamanan Perbatasan", "action_flag": 1, "change_message": "[{\"added\": {}}, {\"added\": {\"name\": \"key point\", \"object\": \"Kementerian Luar Negeri menuntut penjelasan dari Timor Leste terkait insiden penembakan seorang WNI di wilayah perbatasan NTT oleh aparat Timor Leste.\"}}, {\"added\": {\"name\": \"key point\", \"object\": \"Kepala Staf TNI AL akan memperkuat peran dan fungsi Pos TNI AL di seluruh Indonesia, terutama di wilayah perbatasan seperti Atapupu.\"}}, {\"added\": {\"name\": \"key point\", \"object\": \"Bakamla RI akan menjalin kerja sama patroli terkoordinasi dengan Coast Guard Vietnam di kawasan perbatasan laut.\"}}]"}}, {"model": "admin.logentry", "pk": 93, "fields": {"action_time": "2025-10-11T13:47:21.364Z", "user": 1, "content_type": 10, "object_id": "16", "object_repr": "Isu #1: Unjuk Rasa & Kekerasan Aparat (Laporan: Ringkasan 22-31 Agustus 2025)", "action_flag": 2, "change_message": "[{\"changed\": {\"name\": \"key point\", \"object\": \"Aksi demonstrasi di depan Gedung DPR pada 25 Agust\", \"fields\": [\"Sentiment\"]}}, {\"changed\": {\"name\": \"key point\", \"object\": \"Seorang pengemudi ojek online (ojol) tewas setelah\", \"fields\": [\"Sentiment\"]}}, {\"changed\": {\"name\": \"key point\", \"object\": \"Kapolri Jenderal Listyo Sigit Prabowo meminta maaf\", \"fields\": [\"Sentiment\"]}}, {\"changed\": {\"name\": \"key point\", \"object\": \"Komnas HAM menurunkan tim untuk mengusut peristiwa\", \"fields\": [\"Sentiment\"]}}]"}}, {"model": "admin.logentry", "pk": 94, "fields": {"action_time": "2025-10-11T14:29:32.798Z", "user": 1, "content_type": 10, "object_id": "17", "object_repr": "Isu #2: Kerja Sama & Latihan Militer Internasional (Laporan: Ringkasan 22-31 Agustus 2025)", "action_flag": 2, "change_message": "[{\"changed\": {\"name\": \"key point\", \"object\": \"Menteri Luar Negeri dan Menteri Pertahanan menghad\", \"fields\": [\"Sentiment\"]}}]"}}, {"model": "admin.logentry", "pk": 95, "fields": {"action_time": "2025-10-11T14:30:31.911Z", "user": 1, "content_type": 10, "object_id": "18", "object_repr": "Isu #3: Keamanan Siber dan Regulasi Digital (Laporan: Ringkasan 22-31 Agustus 2025)", "action_flag": 2, "change_message": "[{\"changed\": {\"name\": \"key point\", \"object\": \"Badan Siber dan Sandi Negara (BSSN) menargetkan Ra\", \"fields\": [\"Sentiment\"]}}, {\"changed\": {\"name\": \"key point\", \"object\": \"Tren serangan siber di Indonesia masih didominasi \", \"fields\": [\"Sentiment\"]}}, {\"changed\": {\"name\": \"key point\", \"object\": \"Kementerian Komunikasi dan Digital (Komdigi) akan \", \"fields\": [\"Sentiment\"]}}]"}}, {"model": "admin.logentry", "pk": 96, "fields": {"action_time": "2025-10-11T14:31:22.651Z", "user": 1, "content_type": 10, "object_id": "19", "object_repr": "Isu #4: Penegakan Hukum & Isu Internal Aparat (Laporan: Ringkasan 22-31 Agustus 2025)", "action_flag": 2, "change_message": "[{\"changed\": {\"name\": \"key point\", \"object\": \"Seorang oknum anggota TNI AL diduga terlibat dalam\", \"fields\": [\"Sentiment\"]}}, {\"changed\": {\"name\": \"key point\", \"object\": \"Kuasa hukum empat tersangka kasus pembunuhan kepal\", \"fields\": [\"Sentiment\"]}}, {\"changed\": {\"name\": \"key point\", \"object\": \"Sebanyak 19 prajurit Komando Operasi Udara Nasiona\", \"fields\": [\"Sentiment\"]}}]"}}, {"model": "admin.logentry", "pk": 97, "fields": {"action_time": "2025-10-11T14:32:24.573Z", "user": 1, "content_type": 10, "object_id": "20", "object_repr": "Isu #5: Kedaulatan & Keamanan Perbatasan (Laporan: Ringkasan 22-31 Agustus 2025)", "action_flag": 2, "change_message": "[{\"changed\": {\"name\": \"key point\", \"object\": \"Kementerian Luar Negeri menuntut penjelasan dari T\", \"fields\": [\"Sentiment\"]}}, {\"changed\": {\"name\": \"key point\", \"object\": \"Kepala Staf TNI AL akan memperkuat peran dan fungs\", \"fields\": [\"Sentiment\"]}}, {\"changed\": {\"name\": \"key point\", \"object\": \"Bakamla RI akan menjalin kerja sama patroli terkoo\", \"fields\": [\"Sentiment\"]}}]"}}, {"model": "admin.logentry", "pk": 98, "fields": {"action_time": "2025-10-11T15:32:25.790Z", "user": 1, "content_type": 10, "object_id": "11", "object_repr": "Isu #1: Perlindungan WNI di Luar Negeri (Laporan: Ringkasan 15-21 Agustus 2025)", "action_flag": 2, "change_message": "[{\"changed\": {\"name\": \"key point\", \"object\": \"Kementerian Luar Negeri (Kemlu) menangani kasus se\", \"fields\": [\"Sentiment\"]}}, {\"changed\": {\"name\": \"key point\", \"object\": \"Seorang WNI dilaporkan meninggal dunia akibat luka\", \"fields\": [\"Sentiment\"]}}, {\"changed\": {\"name\": \"key point\", \"object\": \"Kemlu mengklarifikasi bahwa WNI yang meninggal di \", \"fields\": [\"Sentiment\"]}}]"}}, {"model": "admin.logentry", "pk": 99, "fields": {"action_time": "2025-10-11T15:32:59.057Z", "user": 1, "content_type": 10, "object_id": "6", "object_repr": "Isu #1: Bantuan Kemanusiaan untuk Palestina (Laporan: Ringkasan 8-14 Agustus 2025)", "action_flag": 2, "change_message": "[{\"changed\": {\"name\": \"key point\", \"object\": \"Pemerintah menyiapkan Pulau Galang sebagai lokasi \", \"fields\": [\"Sentiment\"]}}, {\"changed\": {\"name\": \"key point\", \"object\": \"Kementerian Pertahanan mengirimkan 800 ton bantuan\", \"fields\": [\"Sentiment\"]}}, {\"changed\": {\"name\": \"key point\", \"object\": \"Panglima TNI secara resmi melepas Satgas Garuda Me\", \"fields\": [\"Sentiment\"]}}]"}}, {"model": "admin.logentry", "pk": 100, "fields": {"action_time": "2025-10-11T15:33:37.698Z", "user": 1, "content_type": 10, "object_id": "2", "object_repr": "Isu #1: Perlindungan Anak & Regulasi Platform Digital (Laporan: Ringkasan 1-7 Agustus 2025)", "action_flag": 2, "change_message": "[{\"changed\": {\"name\": \"key point\", \"object\": \"Pemerintah mengimplementasikan PP Tunas (PP No. 17\", \"fields\": [\"Sentiment\"]}}, {\"changed\": {\"name\": \"key point\", \"object\": \"Kekhawatiran muncul terkait gim seperti Roblox kar\", \"fields\": [\"Sentiment\"]}}]"}}, {"model": "admin.logentry", "pk": 101, "fields": {"action_time": "2025-10-11T15:34:17.193Z", "user": 1, "content_type": 10, "object_id": "12", "object_repr": "Isu #2: Bantuan Kemanusiaan dan Sikap terhadap Palestina (Laporan: Ringkasan 15-21 Agustus 2025)", "action_flag": 2, "change_message": "[{\"changed\": {\"name\": \"key point\", \"object\": \"Satgas TNI Garuda Merah Putih-II berhasil mengirim\", \"fields\": [\"Sentiment\"]}}, {\"changed\": {\"name\": \"key point\", \"object\": \"Kemlu secara resmi mengecam keras pernyataan PM Is\", \"fields\": [\"Sentiment\"]}}]"}}, {"model": "admin.logentry", "pk": 102, "fields": {"action_time": "2025-10-11T15:34:49.760Z", "user": 1, "content_type": 10, "object_id": "7", "object_repr": "Isu #2: Restrukturisasi & Modernisasi Pertahanan (Laporan: Ringkasan 8-14 Agustus 2025)", "action_flag": 2, "change_message": "[{\"changed\": {\"name\": \"key point\", \"object\": \"TNI AU mengirimkan 16 personel ke Prancis untuk me\", \"fields\": [\"Sentiment\"]}}]"}}, {"model": "admin.logentry", "pk": 103, "fields": {"action_time": "2025-10-11T15:35:16.309Z", "user": 1, "content_type": 10, "object_id": "3", "object_repr": "Isu #2: Kerja Sama Pertahanan & Modernisasi Alutsista (Laporan: Ringkasan 1-7 Agustus 2025)", "action_flag": 2, "change_message": "[{\"changed\": {\"name\": \"key point\", \"object\": \"Indonesia dan Singapura sepakat untuk meningkatkan\", \"fields\": [\"Sentiment\"]}}, {\"changed\": {\"name\": \"key point\", \"object\": \"Kementerian Pertahanan sedang menjajaki potensi ke\", \"fields\": [\"Sentiment\"]}}, {\"changed\": {\"name\": \"key point\", \"object\": \"TNI AL mengadakan ASEAN Plus Cadet Sail 2025 bersa\", \"fields\": [\"Sentiment\"]}}, {\"changed\": {\"name\": \"key point\", \"object\": \"Kementerian Pertahanan menandatangani MoU untuk pe\", \"fields\": [\"Sentiment\"]}}]"}}, {"model": "admin.logentry", "pk": 104, "fields": {"action_time": "2025-10-11T15:35:58.166Z", "user": 1, "content_type": 10, "object_id": "13", "object_repr": "Isu #3: Keamanan Siber dan Regulasi Platform Digital (Laporan: Ringkasan 15-21 Agustus 2025)", "action_flag": 2, "change_message": "[{\"changed\": {\"name\": \"key point\", \"object\": \"Indonesia Anti-Scam Centre (IASC) melaporkan telah\", \"fields\": [\"Sentiment\"]}}, {\"changed\": {\"name\": \"key point\", \"object\": \"Komisi I DPR mengusulkan pembentukan Cyber Command\", \"fields\": [\"Sentiment\"]}}, {\"changed\": {\"name\": \"key point\", \"object\": \"Badan Siber dan Sandi Negara (BSSN) menandatangani\", \"fields\": [\"Sentiment\"]}}]"}}, {"model": "admin.logentry", "pk": 105, "fields": {"action_time": "2025-10-11T15:36:33.417Z", "user": 1, "content_type": 10, "object_id": "8", "object_repr": "Isu #3: Regulasi Ruang Digital (AI, Pinjol, Game) (Laporan: Ringkasan 8-14 Agustus 2025)", "action_flag": 2, "change_message": "[{\"changed\": {\"name\": \"key point\", \"object\": \"Kementerian Kominfo telah menyelesaikan draf Peta \", \"fields\": [\"Sentiment\"]}}, {\"changed\": {\"name\": \"key point\", \"object\": \"Kementerian Komdigi sedang menyusun RPP baru untuk\", \"fields\": [\"Sentiment\"]}}]"}}, {"model": "admin.logentry", "pk": 106, "fields": {"action_time": "2025-10-11T15:37:04.126Z", "user": 1, "content_type": 10, "object_id": "4", "object_repr": "Isu #3: Penataan Internal & Operasi Militer TNI (Laporan: Ringkasan 1-7 Agustus 2025)", "action_flag": 2, "change_message": "[{\"changed\": {\"name\": \"key point\", \"object\": \"TNI berhasil melumpuhkan Wakil Panglima OPM di Lan\", \"fields\": [\"Sentiment\"]}}]"}}, {"model": "admin.logentry", "pk": 107, "fields": {"action_time": "2025-10-11T15:37:39.190Z", "user": 1, "content_type": 10, "object_id": "14", "object_repr": "Isu #4: Penataan Internal dan Regenerasi Pimpinan TNI (Laporan: Ringkasan 15-21 Agustus 2025)", "action_flag": 2, "change_message": "[{\"changed\": {\"name\": \"key point\", \"object\": \"Panglima TNI Jenderal Agus Subiyanto melakukan mut\", \"fields\": [\"Sentiment\"]}}, {\"changed\": {\"name\": \"key point\", \"object\": \"Kementerian Pertahanan menggarap proyek Batalyon T\", \"fields\": [\"Sentiment\"]}}]"}}, {"model": "admin.logentry", "pk": 108, "fields": {"action_time": "2025-10-11T15:38:10.716Z", "user": 1, "content_type": 10, "object_id": "9", "object_repr": "Isu #4: Penegakan Hukum & Isu Internal TNI (Laporan: Ringkasan 8-14 Agustus 2025)", "action_flag": 2, "change_message": "[{\"changed\": {\"name\": \"key point\", \"object\": \"Sebanyak 20 anggota TNI ditetapkan sebagai tersang\", \"fields\": [\"Sentiment\"]}}, {\"changed\": {\"name\": \"key point\", \"object\": \"Seorang calon siswa Bintara TNI AD meninggal dunia\", \"fields\": [\"Sentiment\"]}}, {\"changed\": {\"name\": \"key point\", \"object\": \"KSAD Jenderal Maruli Simanjuntak berkomitmen untuk\", \"fields\": [\"Sentiment\"]}}]"}}, {"model": "admin.logentry", "pk": 109, "fields": {"action_time": "2025-10-11T15:38:51.845Z", "user": 1, "content_type": 10, "object_id": "5", "object_repr": "Isu #4: Diplomasi & Hubungan Luar Negeri (Laporan: Ringkasan 1-7 Agustus 2025)", "action_flag": 2, "change_message": "[{\"changed\": {\"name\": \"key point\", \"object\": \"Kementerian Luar Negeri mendorong agar bantuan kem\", \"fields\": [\"Sentiment\"]}}, {\"changed\": {\"name\": \"key point\", \"object\": \"Kementerian Luar Negeri membentuk Direktorat Urusa\", \"fields\": [\"Sentiment\"]}}]"}}, {"model": "admin.logentry", "pk": 110, "fields": {"action_time": "2025-10-11T15:39:13.274Z", "user": 1, "content_type": 10, "object_id": "15", "object_repr": "Isu #5: Kekerasan terhadap Jurnalis dan Kebebasan Pers (Laporan: Ringkasan 15-21 Agustus 2025)", "action_flag": 2, "change_message": "[{\"changed\": {\"name\": \"key point\", \"object\": \"Dewan Pers menyatakan keprihatinan dan mengecam ke\", \"fields\": [\"Sentiment\"]}}, {\"changed\": {\"name\": \"key point\", \"object\": \"Dewan Pers menegaskan bahwa sengketa jurnalistik h\", \"fields\": [\"Sentiment\"]}}]"}}, {"model": "admin.logentry", "pk": 111, "fields": {"action_time": "2025-10-11T15:40:01.596Z", "user": 1, "content_type": 10, "object_id": "10", "object_repr": "Isu #5: Keamanan & Kedaulatan Maritim (Laporan: Ringkasan 8-14 Agustus 2025)", "action_flag": 2, "change_message": "[{\"changed\": {\"name\": \"key point\", \"object\": \"Bakamla RI dan Korea Coast Guard berhasil menyelam\", \"fields\": [\"Sentiment\"]}}, {\"changed\": {\"name\": \"key point\", \"object\": \"TNI AL berhasil menyita 80 karung pasir timah ileg\", \"fields\": [\"Sentiment\"]}}]"}}, {"model": "admin.logentry", "pk": 112, "fields": {"action_time": "2025-10-11T15:40:42.553Z", "user": 1, "content_type": 10, "object_id": "1", "object_repr": "Isu #5: Kebebasan & Regulasi Media (Laporan: Ringkasan 1-7 Agustus 2025)", "action_flag": 2, "change_message": "[{\"changed\": {\"name\": \"key point\", \"object\": \"Indeks Kemerdekaan Pers (IKP) Indonesia terus menu\", \"fields\": [\"Sentiment\"]}}, {\"changed\": {\"name\": \"key point\", \"object\": \"Disiplin dalam verifikasi ditekankan sebagai fonda\", \"fields\": [\"Sentiment\"]}}]"}}, {"model": "auth.user", "pk": 1, "fields": {"password": "pbkdf2_sha256$1000000$F0wPFIO7xgf1RhSfO4L1TE$rHaWt+0o7/MiuJIJlDqu1uK7zoxTrtA5HMHBC/86/8M=", "last_login": "2025-10-09T07:22:22.641Z", "is_superuser": true, "username": "admin", "first_name": "", "last_name": "", "email": "awangunawanpurnomo@gmail.com", "is_staff": true, "is_active": true, "date_joined": "2025-10-09T07:20:00.883Z", "groups": [], "user_permissions": []}}, {"model": "sessions.session", "pk": "3rzqa39clbuv1pbr1fi4e5a3qygq4tvo", "fields": {"session_data": ".eJxVjMEOwiAQRP-FsyFQwXY9eu83NAu7K1UDSWlPxn-XJj1oMqd5b-atJtzWNG2Vl2kmdVVWnX67gPHJeQf0wHwvOpa8LnPQu6IPWvVYiF-3w_07SFhTW4NcBkuWxUdjEQI7Zyii6QSGiND36IUgeAngOiHvjLQYbtD5syH1-QL-1TiU:1v6kyk:ZnCXPrDNVtZKGmC0TZ-fqhaVuvyhuthOijTgDUH3SM0", "expire_date": "2025-10-23T07:22:22.659Z"}}, {"model": "api.tag", "pk": 1, "fields": {"name": "Geopolitik"}}, {"model": "api.tag", "pk": 2, "fields": {"name": "Ekonomi Digital"}}, {"model": "api.tag", "pk": 3, "fields": {"name": "Hukum & HAM"}}, {"model": "api.tag", "pk": 4, "fields": {"name": "Perlindungan Anak"}}, {"model": "api.tag", "pk": 5, "fields": {"name": "Keamanan Siber"}}, {"model": "api.tag", "pk": 6, "fields": {"name": "Regulasi Digital"}}, {"model": "api.tag", "pk": 7, "fields": {"name": "Diplomasi Militer"}}, {"model": "api.tag", "pk": 8, "fields": {"name": "Kerja Sama Pertahanan"}}, {"model": "api.tag", "pk": 9, "fields": {"name": "Keamanan Dalam Negeri"}}, {"model": "api.tag", "pk": 10, "fields": {"name": "Ekonomi Internasional"}}, {"model": "api.tag", "pk": 11, "fields": {"name": "Regulasi Media"}}, {"model": "api.tag", "pk": 12, "fields": {"name": "TNI"}}, {"model": "api.tag", "pk": 13, "fields": {"name": "Kemenhan"}}, {"model": "api.tag", "pk": 14, "fields": {"name": "AI"}}, {"model": "api.tag", "pk": 15, "fields": {"name": "Keamanan Maritim"}}, {"model": "api.tag", "pk": 16, "fields": {"name": "Modernisasi Alutsista"}}, {"model": "api.tag", "pk": 17, "fields": {"name": "Struktur TNI"}}, {"model": "api.tag", "pk": 18, "fields": {"name": "Operasi Militer"}}, {"model": "api.tag", "pk": 19, "fields": {"name": "Diplomasi Kemanusiaan"}}, {"model": "api.tag", "pk": 20, "fields": {"name": "Kebebasan Pers"}}, {"model": "api.tag", "pk": 21, "fields": {"name": "Disinformasi"}}, {"model": "api.tag", "pk": 22, "fields": {"name": "Aksi TNI"}}, {"model": "api.tag", "pk": 23, "fields": {"name": "Kementerian Pertahanan"}}, {"model": "api.tag", "pk": 24, "fields": {"name": "Disiplin Militer"}}, {"model": "api.tag", "pk": 25, "fields": {"name": "Bakamla"}}, {"model": "api.tag", "pk": 26, "fields": {"name": "Perlindungan WNI"}}, {"model": "api.tag", "pk": 27, "fields": {"name": "Diplomasi"}}, {"model": "api.tag", "pk": 28, "fields": {"name": "Hukum Internasional"}}, {"model": "api.tag", "pk": 29, "fields": {"name": "Polri"}}, {"model": "api.tag", "pk": 30, "fields": {"name": "Kedaulatan"}}, {"model": "api.stakeholder", "pk": 1, "fields": {"name": "Dewan Pers"}}, {"model": "api.stakeholder", "pk": 2, "fields": {"name": "Komdigi"}}, {"model": "api.stakeholder", "pk": 3, "fields": {"name": "TNI AL"}}, {"model": "api.stakeholder", "pk": 4, "fields": {"name": "Mendikdasmen"}}, {"model": "api.stakeholder", "pk": 5, "fields": {"name": "Kemenhan"}}, {"model": "api.stakeholder", "pk": 6, "fields": {"name": "Presiden"}}, {"model": "api.stakeholder", "pk": 7, "fields": {"name": "TNI"}}, {"model": "api.stakeholder", "pk": 8, "fields": {"name": "Kejagung"}}, {"model": "api.stakeholder", "pk": 9, "fields": {"name": "Kemenlu"}}, {"model": "api.stakeholder", "pk": 10, "fields": {"name": "Bulog"}}, {"model": "api.stakeholder", "pk": 11, "fields": {"name": "Bakamla"}}, {"model": "api.stakeholder", "pk": 12, "fields": {"name": "DPR"}}, {"model": "api.stakeholder", "pk": 13, "fields": {"name": "Kemlu"}}, {"model": "api.stakeholder", "pk": 14, "fields": {"name": "BSSN"}}, {"model": "api.stakeholder", "pk": 15, "fields": {"name": "Koopsudnas"}}, {"model": "api.stakeholder", "pk": 16, "fields": {"name": "Komnas HAM"}}, {"model": "api.stakeholder", "pk": 17, "fields": {"name": "Kepolisian Negara RI"}}, {"model": "api.report", "pk": 1, "fields": {"title": "Ringkasan 1-7 Agustus 2025", "start_date": "2025-08-01", "end_date": "2025-08-07", "created_at": "2025-10-09T08:09:43.358Z"}}, {"model": "api.report", "pk": 2, "fields": {"title": "Ringkasan 8-14 Agustus 2025", "start_date": "2025-08-08", "end_date": "2025-08-14", "created_at": "2025-10-09T17:04:35.758Z"}}, {"model": "api.report", "pk": 3, "fields": {"title": "Ringkasan 15-21 Agustus 2025", "start_date": "2025-08-15", "end_date": "2025-08-21", "created_at": "2025-10-11T05:18:07.029Z"}}, {"model": "api.report", "pk": 4, "fields": {"title": "Ringkasan 22-31 Agustus 2025", "start_date": "2025-08-22", "end_date": "2025-08-31", "created_at": "2025-10-11T05:35:46.550Z"}}, {"model": "api.issue", "pk": 1, "fields": {"report": 1, "issue_number": 5, "title": "Kebebasan & Regulasi Media", "stakeholders": [1, 2], "tags": [11, 20, 21]}}, {"model": "api.issue", "pk": 2, "fields": {"report": 1, "issue_number": 1, "title": "Perlindungan Anak & Regulasi Platform Digital", "stakeholders": [2, 4], "tags": [4, 5, 6]}}, {"model": "api.issue", "pk": 3, "fields": {"report": 1, "issue_number": 2, "title": "Kerja Sama Pertahanan & Modernisasi Alutsista", "stakeholders": [3, 5], "tags": [7, 8, 16]}}, {"model": "api.issue", "pk": 4, "fields": {"report": 1, "issue_number": 3, "title": "Penataan Internal & Operasi Militer TNI", "stakeholders": [6, 7, 8], "tags": [9, 17, 18]}}, {"model": "api.issue", "pk": 5, "fields": {"report": 1, "issue_number": 4, "title": "Diplomasi & Hubungan Luar Negeri", "stakeholders": [9, 10], "tags": [1, 10, 19]}}, {"model": "api.issue", "pk": 6, "fields": {"report": 2, "issue_number": 1, "title": "Bantuan Kemanusiaan untuk Palestina", "stakeholders": [5, 7], "tags": [1, 19, 22]}}, {"model": "api.issue", "pk": 7, "fields": {"report": 2, "issue_number": 2, "title": "Restrukturisasi & Modernisasi Pertahanan", "stakeholders": [5, 6, 7], "tags": [8, 22, 23]}}, {"model": "api.issue", "pk": 8, "fields": {"report": 2, "issue_number": 3, "title": "Regulasi Ruang Digital (AI, Pinjol, Game)", "stakeholders": [2], "tags": [5, 6, 14]}}, {"model": "api.issue", "pk": 9, "fields": {"report": 2, "issue_number": 4, "title": "Penegakan Hukum & Isu Internal TNI", "stakeholders": [7], "tags": [3, 22, 24]}}, {"model": "api.issue", "pk": 10, "fields": {"report": 2, "issue_number": 5, "title": "Keamanan & Kedaulatan Maritim", "stakeholders": [3, 11, 12], "tags": [15, 25]}}, {"model": "api.issue", "pk": 11, "fields": {"report": 3, "issue_number": 1, "title": "Perlindungan WNI di Luar Negeri", "stakeholders": [13], "tags": [1, 26, 28]}}, {"model": "api.issue", "pk": 12, "fields": {"report": 3, "issue_number": 2, "title": "Bantuan Kemanusiaan dan Sikap terhadap Palestina", "stakeholders": [7, 13], "tags": [1, 19, 22]}}, {"model": "api.issue", "pk": 13, "fields": {"report": 3, "issue_number": 3, "title": "Keamanan Siber dan Regulasi Platform Digital", "stakeholders": [2, 12, 14], "tags": [4, 5, 6]}}, {"model": "api.issue", "pk": 14, "fields": {"report": 3, "issue_number": 4, "title": "Penataan Internal dan Regenerasi Pimpinan TNI", "stakeholders": [5, 7], "tags": [16, 17, 23]}}, {"model": "api.issue", "pk": 15, "fields": {"report": 3, "issue_number": 5, "title": "Kekerasan terhadap Jurnalis dan Kebebasan Pers", "stakeholders": [1], "tags": [3, 11, 20]}}, {"model": "api.issue", "pk": 16, "fields": {"report": 4, "issue_number": 1, "title": "Unjuk Rasa & Kekerasan Aparat", "stakeholders": [12, 16, 17], "tags": [3, 9, 29]}}, {"model": "api.issue", "pk": 17, "fields": {"report": 4, "issue_number": 2, "title": "Kerja Sama & Latihan Militer Internasional", "stakeholders": [3, 5, 7, 13], "tags": [7, 8, 22]}}, {"model": "api.issue", "pk": 18, "fields": {"report": 4, "issue_number": 3, "title": "Keamanan Siber dan Regulasi Digital", "stakeholders": [2, 12, 14], "tags": [5, 6, 14]}}, {"model": "api.issue", "pk": 19, "fields": {"report": 4, "issue_number": 4, "title": "Penegakan Hukum & Isu Internal Aparat", "stakeholders": [3, 7, 15, 17], "tags": [3, 22, 24]}}, {"model": "api.issue", "pk": 20, "fields": {"report": 4, "issue_number": 5, "title": "Kedaulatan & Keamanan Perbatasan", "stakeholders": [3, 11, 13], "tags": [15, 26, 27]}}, {"model": "api.keypoint", "pk": 1, "fields": {"issue": 1, "text": "Indeks Kemerdekaan Pers (IKP) Indonesia terus menurun, dengan kekerasan terhadap jurnalis menjadi tantangan utama.", "sentiment": "NEGATIVE"}}, {"model": "api.keypoint", "pk": 2, "fields": {"issue": 1, "text": "Dewan Pers akan mencabut verifikasi media yang menggunakan nama mirip lembaga negara (seperti KPK atau Polri) untuk menghindari kebingungan publik.", "sentiment": "NEUTRAL"}}, {"model": "api.keypoint", "pk": 3, "fields": {"issue": 1, "text": "Disiplin dalam verifikasi ditekankan sebagai fondasi jurnalisme profesional di era digital untuk melawan disinformasi.", "sentiment": "POSITIVE"}}, {"model": "api.keypoint", "pk": 4, "fields": {"issue": 2, "text": "Pemerintah mengimplementasikan PP Tunas (PP No. 17/2025) untuk melindungi anak di ruang digital.", "sentiment": "POSITIVE"}}, {"model": "api.keypoint", "pk": 5, "fields": {"issue": 2, "text": "Kementerian Komunikasi dan Digital (Komdigi) sedang mengklasifikasi platform digital berdasarkan risiko bagi anak dan mengingatkan mereka untuk memverifikasi usia pengguna serta menyediakan fitur kontrol orang tua", "sentiment": "NEUTRAL"}}, {"model": "api.keypoint", "pk": 6, "fields": {"issue": 2, "text": "Kekhawatiran muncul terkait gim seperti Roblox karena mengandung konten kekerasan, yang berujung pada pelarangan oleh Menteri Pendidikan Dasar dan Menengah.", "sentiment": "NEGATIVE"}}, {"model": "api.keypoint", "pk": 7, "fields": {"issue": 3, "text": "Indonesia dan Singapura sepakat untuk meningkatkan pelatihan dan latihan pertahanan bersama.", "sentiment": "POSITIVE"}}, {"model": "api.keypoint", "pk": 8, "fields": {"issue": 3, "text": "Kementerian Pertahanan sedang menjajaki potensi kerja sama alutsista dengan Belarus.", "sentiment": "POSITIVE"}}, {"model": "api.keypoint", "pk": 9, "fields": {"issue": 3, "text": "TNI AL mengadakan ASEAN Plus Cadet Sail 2025 bersama 21 negara mitra menggunakan KRI Bima Suci untuk meningkatkan diplomasi dan hubungan antarnegara.", "sentiment": "POSITIVE"}}, {"model": "api.keypoint", "pk": 10, "fields": {"issue": 3, "text": "Kementerian Pertahanan menandatangani MoU untuk pembelian dua kapal fregat dari perusahaan Turki.", "sentiment": "POSITIVE"}}, {"model": "api.keypoint", "pk": 11, "fields": {"issue": 4, "text": "Jabatan tinggi di TNI sedang direstrukturisasi, termasuk pengangkatan Wakil Panglima TNI dan promosi pimpinan Kopassus, Korps Marinir, dan Kopasgat menjadi jenderal bintang tiga.", "sentiment": "NEUTRAL"}}, {"model": "api.keypoint", "pk": 12, "fields": {"issue": 4, "text": "TNI berhasil melumpuhkan Wakil Panglima OPM di Lanny Jaya, Papua Pegunungan.", "sentiment": "POSITIVE"}}, {"model": "api.keypoint", "pk": 13, "fields": {"issue": 4, "text": "TNI mengklarifikasi bahwa kehadiran kendaraan taktis dan personel di Kejaksaan Agung adalah langkah pengamanan rutin berdasarkan Peraturan Presiden dan MoU yang sudah ada.", "sentiment": "NEUTRAL"}}, {"model": "api.keypoint", "pk": 14, "fields": {"issue": 5, "text": "Kementerian Luar Negeri mendorong agar bantuan kemanusiaan untuk Gaza dikirim melalui jalur darat, bukan lewat udara, karena masalah keamanan.", "sentiment": "POSITIVE"}}, {"model": "api.keypoint", "pk": 15, "fields": {"issue": 5, "text": "Indonesia optimis Perjanjian Perdagangan Bebas Indonesia-Uni Ekonomi Eurasia (I-EAEU FTA) dapat diselesaikan pada akhir 2025.", "sentiment": "NEUTRAL"}}, {"model": "api.keypoint", "pk": 16, "fields": {"issue": 5, "text": "Kementerian Luar Negeri membentuk Direktorat Urusan Diaspora untuk memperkuat peran WNI di luar negeri dalam pembangunan nasional.", "sentiment": "POSITIVE"}}, {"model": "api.keypoint", "pk": 17, "fields": {"issue": 6, "text": "Pemerintah menyiapkan Pulau Galang sebagai lokasi perawatan sementara untuk 1.000 warga Palestina yang terluka.", "sentiment": "POSITIVE"}}, {"model": "api.keypoint", "pk": 18, "fields": {"issue": 6, "text": "Kementerian Pertahanan mengirimkan 800 ton bantuan logistik (makanan, obat-obatan) ke Gaza melalui metode air drop menggunakan pesawat Hercules TNI AU.", "sentiment": "POSITIVE"}}, {"model": "api.keypoint", "pk": 19, "fields": {"issue": 6, "text": "Panglima TNI secara resmi melepas Satgas Garuda Merah Putih II untuk menjalankan misi kemanusiaan ke Gaza.", "sentiment": "POSITIVE"}}, {"model": "api.keypoint", "pk": 20, "fields": {"issue": 7, "text": "Presiden Prabowo Subianto menambahkan enam badan baru di lingkungan Kementerian Pertahanan melalui Perpres Nomor 85 Tahun 2025.", "sentiment": "NEUTRAL"}}, {"model": "api.keypoint", "pk": 21, "fields": {"issue": 7, "text": "Jabatan Wakil Panglima TNI diaktifkan kembali setelah 25 tahun kosong untuk memperkuat koordinasi antarmatra.", "sentiment": "NEUTRAL"}}, {"model": "api.keypoint", "pk": 22, "fields": {"issue": 7, "text": "TNI AU mengirimkan 16 personel ke Prancis untuk mengikuti pelatihan teknologi pesawat tempur Rafale.", "sentiment": "POSITIVE"}}, {"model": "api.keypoint", "pk": 23, "fields": {"issue": 8, "text": "Kementerian Kominfo telah menyelesaikan draf Peta Jalan AI Indonesia dan Perpres terkait keamanan AI yang akan segera dibuka untuk konsultasi publik.", "sentiment": "POSITIVE"}}, {"model": "api.keypoint", "pk": 24, "fields": {"issue": 8, "text": "Kementerian Komdigi sedang menyusun RPP baru untuk memberantas pinjaman online (pinjol) ilegal dengan memberikan kewenangan pemblokiran langsung.", "sentiment": "POSITIVE"}}, {"model": "api.keypoint", "pk": 25, "fields": {"issue": 8, "text": "Kementerian Komdigi membuka kemungkinan untuk memblokir game Roblox jika ada rekomendasi dari KPAI terkait isu grooming dan konten negatif.", "sentiment": "NEUTRAL"}}, {"model": "api.keypoint", "pk": 26, "fields": {"issue": 9, "text": "Sebanyak 20 anggota TNI ditetapkan sebagai tersangka atas kasus pengeroyokan yang menewaskan Prada Lucky Chepril Saputra di NTT.", "sentiment": "NEGATIVE"}}, {"model": "api.keypoint", "pk": 27, "fields": {"issue": 9, "text": "Seorang calon siswa Bintara TNI AD meninggal dunia saat menjalani pendidikan di Bandung, dan tim investigasi telah dibentuk.", "sentiment": "NEGATIVE"}}, {"model": "api.keypoint", "pk": 28, "fields": {"issue": 9, "text": "KSAD Jenderal Maruli Simanjuntak berkomitmen untuk menyelesaikan 4.000 kasus terkait Tabungan Wajib Prajurit (TWP) dan perumahan prajurit.", "sentiment": "POSITIVE"}}, {"model": "api.keypoint", "pk": 29, "fields": {"issue": 10, "text": "Komisi I DPR mendorong TNI AL untuk meningkatkan patroli di Laut Ambalat sebagai respons atas klaim Malaysia.", "sentiment": "NEUTRAL"}}, {"model": "api.keypoint", "pk": 30, "fields": {"issue": 10, "text": "Bakamla RI dan Korea Coast Guard berhasil menyelamatkan delapan ABK WNI dari dugaan tindak pidana perdagangan orang (TPPO) di perairan Korea Selatan.", "sentiment": "POSITIVE"}}, {"model": "api.keypoint", "pk": 31, "fields": {"issue": 10, "text": "TNI AL berhasil menyita 80 karung pasir timah ilegal yang ditimbun di bibir pantai Bangka Belitung.", "sentiment": "POSITIVE"}}, {"model": "api.keypoint", "pk": 32, "fields": {"issue": 11, "text": "Kementerian Luar Negeri (Kemlu) menangani kasus sembilan ABK WNI yang terdampar selama 10 bulan di Mozambik dan gajinya belum dibayar.", "sentiment": "POSITIVE"}}, {"model": "api.keypoint", "pk": 33, "fields": {"issue": 11, "text": "Seorang WNI dilaporkan meninggal dunia akibat luka tembak di Timor Leste setelah memasuki hutan secara ilegal untuk berburu.", "sentiment": "NEGATIVE"}}, {"model": "api.keypoint", "pk": 34, "fields": {"issue": 11, "text": "Kemlu mengklarifikasi bahwa WNI yang meninggal di Kamboja bukan korban TPPO, melainkan karena overdosis obat akibat masalah keluarga.", "sentiment": "NEGATIVE"}}, {"model": "api.keypoint", "pk": 35, "fields": {"issue": 12, "text": "Satgas TNI Garuda Merah Putih-II berhasil mengirimkan total 28,1 ton bantuan kemanusiaan ke Gaza melalui operasi airdrop bertepatan dengan HUT ke-80 RI.", "sentiment": "POSITIVE"}}, {"model": "api.keypoint", "pk": 36, "fields": {"issue": 12, "text": "Kemlu secara resmi mengecam keras pernyataan PM Israel yang berencana menguasai seluruh wilayah Gaza, menganggapnya pelanggaran hukum internasional.", "sentiment": "POSITIVE"}}, {"model": "api.keypoint", "pk": 37, "fields": {"issue": 12, "text": "Menlu Sugiono membantah laporan media yang menyebut Indonesia melakukan negosiasi dengan Israel terkait rencana evakuasi warga Gaza ke Pulau Galang.", "sentiment": "NEUTRAL"}}, {"model": "api.keypoint", "pk": 38, "fields": {"issue": 13, "text": "Indonesia Anti-Scam Centre (IASC) melaporkan telah menerima 225.000 laporan, memblokir 71.000 rekening, dan menyelamatkan dana publik sebesar Rp349,3 miliar.", "sentiment": "POSITIVE"}}, {"model": "api.keypoint", "pk": 39, "fields": {"issue": 13, "text": "Kementerian Komunikasi dan Digital (Komdigi) memberikan peringatan kepada Roblox untuk mematuhi regulasi perlindungan anak di Indonesia, termasuk menyaring konten dan memperjelas fitur kontrol orang tua.", "sentiment": "NEUTRAL"}}, {"model": "api.keypoint", "pk": 40, "fields": {"issue": 13, "text": "Komisi I DPR mengusulkan pembentukan Cyber Command TNI untuk memperkuat pertahanan di sektor siber.", "sentiment": "POSITIVE"}}, {"model": "api.keypoint", "pk": 41, "fields": {"issue": 13, "text": "Badan Siber dan Sandi Negara (BSSN) menandatangani MoU dengan UGM untuk memperkuat Strategi Keamanan Siber Nasional.", "sentiment": "POSITIVE"}}, {"model": "api.keypoint", "pk": 42, "fields": {"issue": 14, "text": "Panglima TNI Jenderal Agus Subiyanto melakukan mutasi besar terhadap 414 perwira tinggi TNI dari tiga matra sebagai bagian dari regenerasi kepemimpinan.", "sentiment": "POSITIVE"}}, {"model": "api.keypoint", "pk": 43, "fields": {"issue": 14, "text": "Kementerian Pertahanan menggarap proyek Batalyon Teritorial Pembangunan (BTP) yang akan dilengkapi dengan kompi kesehatan untuk menghadapi ancaman non-militer seperti wabah.", "sentiment": "POSITIVE"}}, {"model": "api.keypoint", "pk": 44, "fields": {"issue": 14, "text": "Analisis dari Kajian Politik Nasional (KPN) mengidentifikasi empat kandidat kuat untuk menggantikan KSAL Laksamana Muhammad Ali.", "sentiment": "NEUTRAL"}}, {"model": "api.keypoint", "pk": 45, "fields": {"issue": 15, "text": "Dewan Pers menyatakan keprihatinan dan mengecam keras kekerasan yang menimpa jurnalis iNews Media Grup (IMG) di Grobogan, Jawa Tengah.", "sentiment": "NEGATIVE"}}, {"model": "api.keypoint", "pk": 46, "fields": {"issue": 15, "text": "Dewan Pers menegaskan bahwa sengketa jurnalistik harus diselesaikan melalui hak jawab atau jalur hukum pers, bukan dengan tindakan main hakim sendiri.", "sentiment": "NEGATIVE"}}, {"model": "api.keypoint", "pk": 47, "fields": {"issue": 16, "text": "Aksi demonstrasi di depan Gedung DPR pada 25 Agustus berujung ricuh, aparat menembakkan gas air mata untuk membubarkan massa.", "sentiment": "NEGATIVE"}}, {"model": "api.keypoint", "pk": 48, "fields": {"issue": 16, "text": "Seorang pengemudi ojek online (ojol) tewas setelah terlindas kendaraan taktis (rantis) Brimob saat pembubaran massa.", "sentiment": "NEGATIVE"}}, {"model": "api.keypoint", "pk": 49, "fields": {"issue": 16, "text": "Kapolri Jenderal Listyo Sigit Prabowo meminta maaf kepada keluarga korban, dan Divisi Propam Polri telah mengamankan tujuh anggota Brimob untuk diperiksa.", "sentiment": "POSITIVE"}}, {"model": "api.keypoint", "pk": 50, "fields": {"issue": 16, "text": "Komnas HAM menurunkan tim untuk mengusut peristiwa kekerasan tersebut yang dinilai berpotensi kuat melanggar HAM.", "sentiment": "POSITIVE"}}, {"model": "api.keypoint", "pk": 51, "fields": {"issue": 17, "text": "Menteri Luar Negeri dan Menteri Pertahanan menghadiri pertemuan \"2+2\" dengan Australia di Canberra untuk memperkuat kemitraan strategis di bidang pertahanan dan maritim.", "sentiment": "POSITIVE"}}, {"model": "api.keypoint", "pk": 52, "fields": {"issue": 17, "text": "Latihan Gabungan Bersama (Latgabma) Super Garuda Shield 2025 resmi dibuka, melibatkan 6.501 prajurit dari 13 negara, dengan Indonesia sebagai tuan rumah.", "sentiment": "NEUTRAL"}}, {"model": "api.keypoint", "pk": 53, "fields": {"issue": 17, "text": "TNI AL mengerahkan KRI Raden Eddy Martadinata-331 untuk Latihan Bersama (Latma) Sea Garuda dengan Angkatan Laut Thailand di Teluk Thailand.", "sentiment": "NEUTRAL"}}, {"model": "api.keypoint", "pk": 54, "fields": {"issue": 17, "text": "Panglima TNI mengadakan pertemuan bilateral dengan pimpinan militer AS, Australia, dan Thailand di sela-sela forum Chiefs of Defence (CHODs) 2025.", "sentiment": "NEUTRAL"}}, {"model": "api.keypoint", "pk": 55, "fields": {"issue": 18, "text": "Badan Siber dan Sandi Negara (BSSN) menargetkan Rancangan Undang-Undang tentang Keamanan dan Ketahanan Siber (RUU KKS) selesai tahun ini untuk mendukung visi Astacita Presiden.", "sentiment": "POSITIVE"}}, {"model": "api.keypoint", "pk": 56, "fields": {"issue": 18, "text": "Tren serangan siber di Indonesia masih didominasi oleh phishing, yang diperparah oleh teknologi AI yang membuat berita palsu sulit dibedakan.", "sentiment": "NEGATIVE"}}, {"model": "api.keypoint", "pk": 57, "fields": {"issue": 18, "text": "Kementerian Komunikasi dan Digital (Komdigi) akan memanggil perwakilan TikTok dan Meta terkait peredaran konten provokatif saat demonstrasi di DPR.", "sentiment": "NEGATIVE"}}, {"model": "api.keypoint", "pk": 58, "fields": {"issue": 19, "text": "Seorang oknum anggota TNI AL diduga terlibat dalam insiden yang menewaskan seorang warga di Pekanbaru dan saat ini sedang dalam penyelidikan Denpom Lanal Dumai.", "sentiment": "NEGATIVE"}}, {"model": "api.keypoint", "pk": 59, "fields": {"issue": 19, "text": "Kuasa hukum empat tersangka kasus pembunuhan kepala cabang bank meminta perlindungan kepada Panglima TNI dan Kapolri karena kasus tersebut diduga melibatkan oknum aparat.", "sentiment": "NEGATIVE"}}, {"model": "api.keypoint", "pk": 60, "fields": {"issue": 19, "text": "Sebanyak 19 prajurit Komando Operasi Udara Nasional (Koopsudnas) dijatuhi hukuman disiplin karena terlibat judi online.", "sentiment": "NEGATIVE"}}, {"model": "api.keypoint", "pk": 61, "fields": {"issue": 20, "text": "Kementerian Luar Negeri menuntut penjelasan dari Timor Leste terkait insiden penembakan seorang WNI di wilayah perbatasan NTT oleh aparat Timor Leste.", "sentiment": "NEGATIVE"}}, {"model": "api.keypoint", "pk": 62, "fields": {"issue": 20, "text": "Kepala Staf TNI AL akan memperkuat peran dan fungsi Pos TNI AL di seluruh Indonesia, terutama di wilayah perbatasan seperti Atapupu.", "sentiment": "POSITIVE"}}, {"model": "api.keypoint", "pk": 63, "fields": {"issue": 20, "text": "Bakamla RI akan menjalin kerja sama patroli terkoordinasi dengan Coast Guard Vietnam di kawasan perbatasan laut.", "sentiment": "POSITIVE"}}]
